;Unnamed: 0;Unnamed: 0.1;DurationMonth;CreditAmount;target_score;protected_sex;target_loan_approved
0;0;0;0.029411765;0.949433256;0.600715353;1;1
1;1;1;0.647058824;0.686310113;0.496130655;0;0
2;2;2;0.117647059;0.8984263229999999;0.506866366;1;1
3;3;3;0.558823529;0.580059426;0.5994821;1;1
4;4;4;0.294117647;0.74579069;0.550060466;1;1
5;5;5;0.470588235;0.5155166720000001;0.501290835;1;1
6;6;6;0.294117647;0.857763838;0.617404307;1;1
7;7;7;0.470588235;0.6314515239999999;0.476348482;1;0
8;8;8;0.117647059;0.8454385390000001;0.543519801;1;1
9;9;9;0.382352941;0.7257620779999999;0.368951631;1;0
10;10;10;0.117647059;0.942500275;0.321267721;0;0
11;11;11;0.647058824;0.776713987;0.528453856;0;1
12;12;12;0.117647059;0.92753384;0.4270104;0;0
13;13;13;0.294117647;0.947782546;0.626400036;1;1
14;14;14;0.161764706;0.93655772;0.545424327;0;1
15;15;15;0.294117647;0.943215583;0.392992229;0;0
16;16;16;0.294117647;0.880378563;0.637115574;1;1
17;17;17;0.382352941;0.56960493;0.5181937120000001;1;1
18;18;18;0.294117647;0.321613294;0.416880175;0;0
19;19;19;0.294117647;0.825024761;0.51829006;1;1
20;20;20;0.073529412;0.8963354240000001;0.5525329929999999;1;1
21;21;21;0.029411765;0.868108287;0.461554118;1;0
22;22;22;0.088235294;0.8904478929999999;0.484406174;1;0
23;23;23;0.117647059;0.914493232;0.4555919920000001;1;0
24;24;24;0.088235294;0.899911962;0.431903366;1;0
25;25;25;0.029411765;0.938153406;0.435826078;1;0
26;26;26;0.029411765;0.990315836;0.538553972;1;1
27;27;27;0.117647059;0.991251238;0.516384179;0;1
28;28;28;0.044117647;0.8808737759999999;0.389145691;1;0
29;29;29;0.8235294120000001;0.637614174;0.72145307;1;1
30;30;30;0.205882353;0.908495653;0.424380404;1;0
31;31;31;0.294117647;0.7925608009999999;0.45023475;1;0
32;32;32;0.205882353;0.6909871240000001;0.461433081;1;0
33;33;33;0.117647059;0.944206009;0.5463912679999999;1;1
34;34;34;0.117647059;0.93265104;0.311683367;0;0
35;35;35;0.602941176;0.7526136240000001;0.41498694;1;0
36;36;36;0.647058824;0.6775613509999999;0.572022358;1;1
37;37;37;0.205882353;0.898206229;0.391458341;1;0
38;38;38;0.088235294;0.946351931;0.44054336;1;0
39;39;39;0.073529412;0.988555079;0.430155254;1;0
40;40;40;0.382352941;0.8853857159999999;0.538183936;1;1
41;41;41;0.117647059;0.950038517;0.3691818120000001;1;0
42;42;42;0.205882353;0.672389127;0.481228803;1;0
43;43;43;0.382352941;0.67332453;0.66152139;1;1
44;44;44;0.647058824;0.675745571;0.64145198;0;1
45;45;45;0.102941176;0.937107956;0.495823094;0;0
46;46;46;0.470588235;0.88725652;0.624715303;1;1
47;47;47;0.029411765;0.939363926;0.319772222;0;0
48;48;48;0.102941176;0.616044899;0.529113689;1;1
49;49;49;0.117647059;0.899691868;0.37531887;0;0
50;50;50;0.294117647;0.8853857159999999;0.33572155600000003;1;0
51;51;51;0.338235294;0.685539782;0.6323302470000001;1;1
52;52;52;0.117647059;0.944316056;0.4146287970000001;1;0
53;53;53;0.205882353;0.8278859909999999;0.3938793820000001;1;0
54;54;54;0.470588235;0.8913282709999999;0.671984466;1;1
55;55;55;0.029411765;0.970672389;0.441876122;1;0
56;56;56;0.117647059;0.657862881;0.276063865;1;0
57;57;57;0.470588235;0.4873995820000001;0.472803935;0;0
58;58;58;0.205882353;0.905854517;0.5401680999999999;0;1
59;59;59;0.470588235;0.671013536;0.468204981;0;0
60;60;60;0.073529412;0.937218004;0.389596418;1;0
61;61;61;0.161764706;0.929184549;0.621571954;1;1
62;62;62;0.470588235;0.906294707;0.651513105;1;1
63;63;63;0.647058824;0.220259712;0.409423603;1;0
64;64;64;0.294117647;0.838725652;0.443319684;0;0
65;65;65;0.338235294;0.7281831190000001;0.710031333;1;1
66;66;66;0.117647059;0.8942995490000001;0.389819524;0;0
67;67;67;0.117647059;0.958347089;0.33971984200000005;1;0
68;68;68;0.470588235;0.913667877;0.5366057879999999;1;1
69;69;69;0.470588235;0.882029273;0.530719536;0;1
70;70;70;0.470588235;0.5662484870000001;0.471969623;0;0
71;71;71;0.044117647;0.973588643;0.491666287;1;0
72;72;72;0.05882352900000001;0.949708375;0.66050206;1;1
73;73;73;0.558823529;0.686145042;0.502939889;0;1
74;74;74;0.470588235;0.904974139;0.651267418;1;1
75;75;75;0.117647059;0.92978981;0.636732441;1;1
76;76;76;0.558823529;0.795587102;0.438029885;1;0
77;77;77;0.102941176;0.7512380320000001;0.546513961;1;1
78;78;78;0.735294118;0.494552658;0.453614904;1;0
79;79;79;0.382352941;0.802905249;0.375551911;1;0
80;80;80;0.294117647;0.686750303;0.4150452;0;0
81;81;81;0.161764706;0.947012215;0.531865474;1;1
82;82;82;0.205882353;0.927478816;0.497679597;0;0
83;83;83;0.294117647;0.917189391;0.574196658;0;1
84;84;84;0.088235294;0.886376142;0.561168019;1;1
85;85;85;0.117647059;0.936062507;0.451852942;0;0
86;86;86;0.205882353;0.942500275;0.353187466;0;0
87;87;87;0.470588235;0.31979751300000003;0.519141535;1;1
88;88;88;0.205882353;0.890007703;0.506212103;1;1
89;89;89;0.117647059;0.9527897;0.52473242;1;1
90;90;90;0.117647059;0.979751293;0.576260158;1;1
91;91;91;0.117647059;0.936227578;0.521651095;1;1
92;92;92;0.117647059;0.969902058;0.504660301;0;1
93;93;93;0.294117647;0.8147353359999999;0.624902881;1;1
94;94;94;0.117647059;0.941234731;0.569094286;1;1
95;95;95;0.735294118;0.136403654;0.425742221;1;0
96;96;96;0.117647059;0.903048311;0.4224549520000001;0;0
97;97;97;0.205882353;0.8694838779999999;0.479137903;1;0
98;98;98;0.470588235;0.885165621;0.624326299;1;1
99;99;99;0.235294118;0.625453945;0.586495764;1;1
100;100;100;0.294117647;0.932926158;0.5771244289999999;1;1
101;101;101;0.470588235;0.8859359520000001;0.577957988;1;1
102;102;102;0.029411765;0.962473864;0.401591125;0;0
103;103;103;0.073529412;0.908165511;0.461710683;1;0
104;104;104;0.117647059;0.8792230659999999;0.480037853;1;0
105;105;105;0.294117647;0.35688346;0.48545757;1;0
106;106;106;0.205882353;0.658413118;0.664675126;1;1
107;107;107;0.117647059;0.679322109;0.442846977;1;0
108;108;108;0.294117647;0.588918235;0.396843885;0;0
109;109;109;0.147058824;0.936172554;0.5736244420000001;1;1
110;110;110;0.029411765;0.934026631;0.597849004;1;1
111;111;111;0.161764706;0.99218664;0.447246762;0;0
112;112;112;0.205882353;0.6693078020000001;0.449647781;1;0
113;113;113;0.470588235;0.581545064;0.42830387;0;0
114;114;114;0.117647059;0.921316166;0.456861375;1;0
115;115;115;0.647058824;0.8168812590000001;0.504919085;1;1
116;116;116;0.558823529;0.619016177;0.52145855;0;1
117;117;117;0.088235294;0.896445472;0.477770065;0;0
118;118;118;0.426470588;0.7781996259999999;0.642729342;0;1
119;119;119;0.117647059;0.883569935;0.519606262;1;1
120;120;120;0.25;0.912787499;0.479898449;0;0
121;121;121;0.294117647;0.8009243970000001;0.5525659620000001;0;1
122;122;122;0.117647059;0.916474084;0.386193081;1;0
123;123;123;0.088235294;0.970782436;0.615631206;1;1
124;124;124;0.205882353;0.907890393;0.393260046;0;0
125;125;125;0.117647059;0.8970507320000001;0.421339124;1;0
126;126;126;0.117647059;0.975184329;0.366108165;1;0
127;127;127;0.117647059;0.978595796;0.389998671;1;0
128;128;128;0.117647059;0.911411907;0.354243529;1;0
129;129;129;0.117647059;0.821228128;0.438240345;0;0
130;130;130;0.647058824;0.5467701110000001;0.547689104;0;1
131;131;131;0.470588235;0.6348079670000001;0.438213247;1;0
132;132;132;0.161764706;0.864751843;0.462297653;1;0
133;133;133;0.205882353;0.904588973;0.5321807120000001;1;1
134;134;134;0.8235294120000001;0.455595906;0.6255737029999999;0;1
135;135;135;0.117647059;0.945526576;0.523381141;0;1
136;136;136;0.338235294;0.53983713;0.457935955;1;0
137;137;137;0.117647059;0.971607791;0.411954391;1;0
138;138;138;0.161764706;0.86365137;0.516356479;1;1
139;139;139;0.117647059;0.91025641;0.416044056;0;0
140;140;140;0.029411765;0.97474414;0.34185846299999995;1;0
141;141;141;0.470588235;0.749917465;0.343349898;0;0
142;142;142;0.338235294;0.825795092;0.45687387;1;0
143;143;143;0.205882353;0.878287664;0.449768065;1;0
144;144;144;0.25;0.8878617809999999;0.444253355;0;0
145;145;145;0.647058824;0.8175415429999999;0.505041929;1;1
146;146;146;0.029411765;0.966435567;0.6969018290000001;0;1
147;147;147;0.117647059;0.976229779;0.529093365;0;1
148;148;148;0.470588235;0.718223836;0.48474023;1;0
149;149;149;0.205882353;0.926708485;0.629319226;1;1
150;150;150;0.029411765;0.939694068;0.614407287;1;1
151;151;151;0.088235294;0.907890393;0.557418732;1;1
152;152;152;0.470588235;0.69197755;0.355826193;1;0
153;153;153;0.294117647;0.586882359;0.598015505;0;1
154;154;154;0.294117647;0.630406075;0.5208416229999999;1;1
155;155;155;0.117647059;0.943215583;0.538455065;0;1
156;156;156;0.073529412;0.942885441;0.638712841;1;1
157;157;157;0.117647059;0.995102894;0.416325573;1;0
158;158;158;0.294117647;0.8205128209999999;0.594970009;1;1
159;159;159;0.029411765;0.909321008;0.476973539;1;0
160;160;160;0.294117647;0.855727963;0.61702554;1;1
161;161;161;0.205882353;0.955705954;0.355644336;0;0
162;162;162;0.161764706;0.944316056;0.5313638629999999;1;1
163;163;163;0.088235294;0.611643006;0.401527746;1;0
164;164;164;0.470588235;0.963739408;0.638944678;1;1
165;165;165;0.029411765;0.849895455;0.442661808;1;0
166;166;166;0.205882353;0.951524155;0.308354699;0;0
167;167;167;0.102941176;0.926983603;0.284637168;0;0
168;168;168;0.294117647;0.7952019370000001;0.5902610079999999;0;1
169;169;169;0.294117647;0.907285133;0.6421214470000001;1;1
170;170;170;0.161764706;0.961483438;0.581069422;1;1
171;171;171;0.117647059;0.971772862;0.34221766;0;0
172;172;172;0.294117647;0.90018708;0.36948305;0;0
173;173;173;0.05882352900000001;0.93595246;0.371121114;1;0
174;174;174;0.25;0.8259051390000001;0.401718786;1;0
175;175;175;0.382352941;0.601903819;0.252884979;0;0
176;176;176;0.117647059;0.871959943;0.385663318;1;0
177;177;177;0.029411765;0.995157918;0.609222267;1;1
178;178;178;0.117647059;0.90574447;0.492724005;1;0
179;179;179;0.25;0.982337405;0.647876727;1;1
180;180;180;0.470588235;0.48706944;0.410727009;1;0
181;181;181;0.470588235;0.768625509;0.5483808520000001;1;1
182;182;182;0.25;0.923131947;0.427559432;1;0
183;183;183;0.294117647;0.8059315509999999;0.483730083;1;0
184;184;184;0.205882353;0.965114999;0.5899529960000001;1;1
185;185;185;0.161764706;0.938923737;0.437337385;1;0
186;186;186;0.073529412;0.731539562;0.607144615;0;1
187;187;187;0.176470588;0.949103114;0.457471076;1;0
188;188;188;0.117647059;0.976669968;0.389640377;1;0
189;189;189;0.205882353;0.835259161;0.612305398;0;1
190;190;190;0.294117647;0.761142291;0.607180144;1;1
191;191;191;0.647058824;0.802244965;0.571963496;1;1
192;192;192;0.338235294;0.798338285;0.397502061;1;0
193;193;193;0.029411765;0.8977660390000001;0.46707184;1;0
194;194;194;0.602941176;0.8469792009999999;0.548822396;1;1
195;195;195;0.073529412;0.931165401;0.644284306;0;1
196;196;196;0.029411765;0.937713217;0.4589999970000001;0;0
197;197;197;0.117647059;0.961428414;0.572851251;0;1
198;198;198;0.294117647;0.8618906129999999;0.587164327;1;1
199;199;199;0.205882353;0.777319247;0.531758437;1;1
200;200;200;0.073529412;0.962253769;0.518285243;1;1
201;201;201;0.117647059;0.94948828;0.407839133;1;0
202;202;202;0.338235294;0.732199846;0.602251499;1;1
203;203;203;0.117647059;0.964124574;0.5268412339999999;1;1
204;204;204;0.117647059;0.931495543;0.451003275;1;0
205;205;205;0.382352941;0.429239573;0.670373801;1;1
206;206;206;0.117647059;0.907285133;0.655801338;1;1
207;207;207;0.117647059;0.935402223;0.474985913;1;0
208;208;208;0.294117647;0.652360515;0.400895162;1;0
209;209;209;0.117647059;0.936007483;0.459594643;1;0
210;210;210;0.073529412;0.8446131840000001;0.496398622;1;0
211;211;211;0.470588235;0.802740178;0.647751023;0;1
212;212;212;0.338235294;0.722515682;0.491922662;1;0
213;213;213;0.382352941;0.908770771;0.6355579;1;1
214;214;214;0.470588235;0.829866843;0.521014898;1;1
215;215;215;0.029411765;0.962473864;0.579885698;0;1
216;216;216;0.205882353;0.842962474;0.412188185;1;0
217;217;217;0.470588235;0.798448333;0.484161842;1;0
218;218;218;0.294117647;0.847529438;0.437205659;1;0
219;219;219;0.088235294;0.938703643;0.532143678;0;1
220;220;220;0.117647059;0.979366127;0.273862918;1;0
221;221;221;0.117647059;0.947727523;0.477278992;0;0
222;222;222;0.117647059;0.974854187;0.435814185;1;0
223;223;223;0.294117647;0.849895455;0.5384210420000001;1;1
224;224;224;0.161764706;0.75751073;0.388082252;1;0
225;225;225;0.470588235;0.8699790909999999;0.481966014;1;0
226;226;226;0.647058824;0.410641576;0.5688744929999999;1;1
227;227;227;0.117647059;0.580994828;0.525328723;1;1
228;228;228;0.073529412;0.932430945;0.419713555;1;0
229;229;229;0.294117647;0.840486409;0.304112383;1;0
230;230;230;0.470588235;0.782106306;0.419105961;1;0
231;231;231;0.073529412;0.875811599;0.587474297;1;1
232;232;232;0.117647059;0.895950259;0.405630509;1;0
233;233;233;0.205882353;0.966105425;0.380834935;1;0
234;234;234;0.0;0.928799384;0.490629343;1;0
235;235;235;0.294117647;0.913447783;0.34094240600000003;1;0
236;236;236;0.029411765;0.212886541;0.184613638;1;0
237;237;237;0.25;0.861505447;0.509117293;1;1
238;238;238;0.117647059;0.94272037;0.429835801;0;0
239;239;239;0.382352941;0.874986244;0.652528221;1;1
240;240;240;0.294117647;0.963409266;0.5130282629999999;0;1
241;241;241;0.029411765;0.925993177;0.441315648;1;0
242;242;242;0.647058824;0.76037196;0.7114599909999999;1;1
243;243;243;0.117647059;0.948552878;0.46192867;0;0
244;244;244;0.117647059;0.8240893579999999;0.384509101;0;0
245;245;245;0.294117647;0.944536151;0.41649373;1;0
246;246;246;0.117647059;0.974303951;0.668269955;1;1
247;247;247;0.029411765;0.947507428;0.321287292;1;0
248;248;248;0.294117647;0.907835369;0.471681181;1;0
249;249;249;0.205882353;0.98993067;0.439531105;0;0
250;250;250;0.029411765;0.977110157;0.567104854;0;1
251;251;251;0.117647059;0.8898976559999999;0.443264133;0;0
252;252;252;0.382352941;0.8954550459999999;0.42377823;0;0
253;253;253;0.294117647;0.7853527020000001;0.541916964;1;1
254;254;254;0.073529412;0.902057885;0.429566629;1;0
255;255;255;0.8235294120000001;0.605590404;0.475185082;1;0
256;256;256;0.294117647;0.866072411;0.425151639;1;0
257;257;257;0.117647059;0.8955100690000001;0.32802923300000003;1;0
258;258;258;0.161764706;0.804005722;0.505259615;0;1
259;259;259;0.102941176;0.950258611;0.4517581;0;0
260;260;260;0.117647059;0.92258171;0.441592949;1;0
261;261;261;0.294117647;0.925552988;0.59900849;0;1
262;262;262;0.205882353;0.722020469;0.72302068;1;1
263;263;263;0.117647059;0.862550897;0.6862383790000001;0;1
264;264;264;0.088235294;0.946021789;0.6187765120000001;1;1
265;265;265;0.161764706;0.96962694;0.536072864;1;1
266;266;266;0.470588235;0.666886761;0.630227906;1;1
267;267;267;0.294117647;0.929404644;0.413678566;0;0
268;268;268;0.147058824;0.519753494;0.612430199;1;1
269;269;269;0.294117647;0.958787279;0.558679986;1;1
270;270;270;0.205882353;0.8672829320000001;0.478728425;1;0
271;271;271;0.117647059;0.936612743;0.5527305060000001;0;1
272;272;272;0.647058824;0.344172994;0.393717548;1;0
273;273;273;0.647058824;0.845383515;0.649756714;1;1
274;274;274;0.382352941;0.35358204;0.299708834;1;0
275;275;275;0.073529412;0.8653571040000001;0.453746328;1;0
276;276;276;0.205882353;0.881479036;0.496873437;0;0
277;277;277;0.117647059;0.944316056;0.608427246;1;1
278;278;278;0.029411765;0.7600418179999999;0.472456481;0;0
279;279;279;0.294117647;0.909155937;0.526190434;1;1
280;280;280;0.161764706;0.8284362279999999;0.633835833;1;1
281;281;281;0.117647059;0.927148674;0.380427113;1;0
282;282;282;0.205882353;0.934246726;0.514442619;1;1
283;283;283;0.161764706;0.930119952;0.575234355;1;1
284;284;284;0.294117647;0.8003741609999999;0.34316126700000005;1;0
285;285;285;0.6323529410000001;0.423792231;0.359282823;0;0
286;286;286;0.647058824;0.75030263;0.539043991;1;1
287;287;287;0.647058824;0.596566524;0.502689987;1;1
288;288;288;0.117647059;0.953670078;0.524896212;0;1
289;289;289;0.294117647;0.957411687;0.465400806;1;0
290;290;290;0.117647059;0.954550457;0.447540623;1;0
291;291;291;0.470588235;0.496643557;0.52878731;1;1
292;292;292;0.294117647;0.66055904;0.6814902359999999;0;1
293;293;293;0.558823529;0.749862441;0.6155694829999999;1;1
294;294;294;0.647058824;0.5939804120000001;0.57972823;1;1
295;295;295;0.647058824;0.46572026;0.439586806;0;0
296;296;296;0.117647059;0.756520304;0.488217184;0;0
297;297;297;0.088235294;0.942940464;0.447660606;1;0
298;298;298;0.205882353;0.87537141;0.51124101;1;1
299;299;299;0.25;0.8627159679999999;0.5170944439999999;1;1
300;300;300;0.029411765;0.976780015;0.41975661;0;0
301;301;301;0.470588235;0.804445912;0.376750539;0;0
302;302;302;0.294117647;0.939804116;0.485380793;1;0
303;303;303;0.088235294;0.956641356;0.519977051;1;1
304;304;304;0.647058824;0.456531308;0.45338111;1;0
305;305;305;0.029411765;0.928854407;0.36432859;1;0
306;306;306;0.382352941;0.749037086;0.574832253;0;1
307;307;307;0.117647059;0.973753714;0.365842004;1;0
308;308;308;0.05882352900000001;0.945691647;0.496964064;0;0
309;309;309;0.073529412;0.998569385;0.455274195;1;0
310;310;310;0.647058824;0.7176736;0.424446342;1;0
311;311;311;0.294117647;0.7105205240000001;0.32644431100000004;1;0
312;312;312;0.294117647;0.8074722129999999;0.499520594;0;0
313;313;313;0.117647059;0.976064708;0.521310716;1;1
314;314;314;0.0;0.931550567;0.382614059;1;0
315;315;315;0.470588235;0.862660944;0.6201393820000001;1;1
316;316;316;0.117647059;0.974799164;0.474563638;1;0
317;317;317;0.294117647;0.77434797;0.54762151;0;1
318;318;318;0.117647059;0.975184329;0.4358756070000001;1;0
319;319;319;0.161764706;0.813304721;0.669780358;0;1
320;320;320;0.382352941;0.7799603829999999;0.379035037;1;0
321;321;321;0.294117647;0.907120062;0.4095325970000001;1;0
322;322;322;0.294117647;0.8536370640000001;0.48485359;1;0
323;323;323;0.205882353;0.867448003;0.38573588;1;0
324;324;324;0.205882353;0.957191592;0.495455618;0;0
325;325;325;0.05882352900000001;0.826785518;0.606624939;1;1
326;326;326;0.117647059;0.6945636620000001;0.585217499;1;1
327;327;327;0.294117647;0.929844833;0.506783717;0;1
328;328;328;0.470588235;0.7676350829999999;0.509436896;1;1
329;329;329;0.029411765;0.954990646;0.555237658;1;1
330;330;330;0.294117647;0.649774403;0.493437281;1;0
331;331;331;0.205882353;0.911191812;0.440385891;0;0
332;332;332;0.8235294120000001;0.60614064;0.428775824;0;0
333;333;333;0.647058824;0.376031694;0.554683507;0;1
334;334;334;0.294117647;0.7876086720000001;0.650863811;1;1
335;335;335;0.029411765;0.827555849;0.554784672;1;1
336;336;336;0.132352941;0.898151205;0.463039531;0;0
337;337;337;0.161764706;0.943600748;0.391695898;0;0
338;338;338;0.294117647;0.784362276;0.479717195;1;0
339;339;339;0.088235294;0.930064928;0.35224190200000005;1;0
340;340;340;0.294117647;0.697755035;0.525619724;0;1
341;341;341;0.25;0.815725762;0.593623398;0;1
342;342;342;0.205882353;0.836964895;0.47308786;1;0
343;343;343;0.205882353;0.769505888;0.530304789;1;1
344;344;344;0.088235294;0.796467481;0.327386563;1;0
345;345;345;0.161764706;0.933476395;0.366556484;0;0
346;346;346;0.132352941;0.965225047;0.483270323;1;0
347;347;347;0.294117647;0.806977;0.437412958;0;0
348;348;348;0.029411765;0.917849675;0.478560268;1;0
349;349;349;0.073529412;0.951249037;0.5627494789999999;1;1
350;350;350;0.073529412;0.945746671;0.515214155;0;1
351;351;351;0.073529412;0.960988225;0.471538165;0;0
352;352;352;0.205882353;0.8360845159999999;0.465172131;1;0
353;353;353;0.117647059;0.672664246;0.379592801;1;0
354;354;354;0.088235294;0.973753714;0.569672374;1;1
355;355;355;0.294117647;0.945196434;0.34684913100000003;1;0
356;356;356;0.117647059;0.885495763;0.651747502;1;1
357;357;357;0.470588235;0.76818532;0.486283452;1;0
358;358;358;0.117647059;0.971057555;0.388596207;1;0
359;359;359;0.382352941;0.881368989;0.5606924520000001;0;1
360;360;360;0.205882353;0.9455816;0.493295619;1;0
361;361;361;0.117647059;0.8267304940000001;0.5865508629999999;1;1
362;362;362;0.117647059;0.8901177509999999;0.482064771;0;0
363;363;363;0.029411765;0.916584131;0.455069004;1;0
364;364;364;0.205882353;0.877682403;0.201593443;1;0
365;365;365;0.117647059;0.928909431;0.582305083;1;1
366;366;366;0.205882353;0.8019148229999999;0.451063041;1;0
367;367;367;0.205882353;0.812919555;0.515125936;0;1
368;368;368;0.470588235;0.8241443820000001;0.519950254;1;1
369;369;369;0.205882353;0.848629911;0.583785227;0;1
370;370;370;0.470588235;0.844338065;0.523707219;1;1
371;371;371;0.205882353;0.679762298;0.614383501;1;1
372;372;372;0.088235294;0.89567514;0.508634499;0;1
373;373;373;0.8235294120000001;0.256850446;0.658365245;1;1
374;374;374;0.8235294120000001;0.20039617;0.663366;0;1
375;375;375;0.647058824;0.590899087;0.61791465;0;1
376;376;376;0.205882353;0.8861010229999999;0.451221713;1;0
377;377;377;0.044117647;0.967205899;0.5912539929999999;1;1
378;378;378;0.470588235;0.225927149;0.431909839;1;0
379;379;379;0.029411765;0.99383735;0.49269751;0;0
380;380;380;0.235294118;0.8920435790000001;0.535318641;1;1
381;381;381;0.205882353;0.29976890100000003;0.334384729;0;0
382;382;382;0.264705882;0.943160559;0.5503007329999999;0;1
383;383;383;0.117647059;0.940574447;0.289901676;1;0
384;384;384;0.382352941;0.778694839;0.487326719;1;0
385;385;385;0.205882353;0.890612964;0.452061144;0;0
386;386;386;0.205882353;0.951799274;0.35491751200000005;0;0
387;387;387;0.205882353;0.608011445;0.407236055;1;0
388;388;388;0.161764706;0.8857708809999999;0.535975613;1;1
389;389;389;0.073529412;0.934026631;0.497529806;0;0
390;390;390;0.205882353;0.913612854;0.4795960070000001;1;0
391;391;391;0.117647059;0.959667657;0.502756226;0;1
392;392;392;0.470588235;0.834984043;0.653749881;1;1
393;393;393;0.029411765;0.906074612;0.592648628;0;1
394;394;394;0.073529412;0.881368989;0.402461718;1;0
395;395;395;0.514705882;0.366677671;0.5050636070000001;1;1
396;396;396;0.117647059;0.8719049190000001;0.424412771;0;0
397;397;397;0.470588235;0.8845603609999999;0.515686561;1;1
398;398;398;0.117647059;0.946461979;0.5700667979999999;1;1
399;399;399;0.294117647;0.930340046;0.39059678;0;0
400;400;400;0.205882353;0.932706064;0.475396295;1;0
401;401;401;0.205882353;0.909926268;0.5331736970000001;1;1
402;402;402;0.294117647;0.537911302;0.402858099;1;0
403;403;403;0.147058824;0.96962694;0.417057816;1;0
404;404;404;0.205882353;0.8542423240000001;0.569325521;1;1
405;405;405;0.294117647;0.901562672;0.408498664;1;0
406;406;406;0.294117647;0.8928689340000001;0.592927736;1;1
407;407;407;0.161764706;0.955816001;0.347456876;1;0
408;408;408;0.294117647;0.8357543740000001;0.543542082;1;1
409;409;409;0.117647059;0.962088698;0.526462466;1;1
410;410;410;0.294117647;0.905524375;0.595282237;0;1
411;411;411;0.426470588;0.614669308;0.527033779;1;1
412;412;412;0.117647059;0.8876416859999999;0.349821162;1;0
413;413;413;0.088235294;0.92588313;0.382471645;1;0
414;414;414;0.294117647;0.93776824;0.415234584;0;0
415;415;415;0.470588235;0.692307692;0.60394963;1;1
416;416;416;0.117647059;0.871849895;0.25385989800000003;1;0
417;417;417;0.205882353;0.54765049;0.465773552;0;0
418;418;418;0.25;0.8606800920000001;0.555475366;0;1
419;419;419;0.205882353;0.956421261;0.402289044;0;0
420;420;420;0.161764706;0.838450534;0.527171828;0;1
421;421;421;0.117647059;0.902167932;0.375779533;1;0
422;422;422;0.117647059;0.961043249;0.565027654;1;1
423;423;423;0.25;0.926213272;0.567667585;1;1
424;424;424;0.117647059;0.861780566;0.554312116;0;1
425;425;425;0.205882353;0.860845163;0.524042329;1;1
426;426;426;0.352941176;0.862826015;0.55177064;1;1
427;427;427;0.205882353;0.95053373;0.494216946;1;0
428;428;428;0.073529412;0.941509849;0.653960793;1;1
429;429;429;0.205882353;0.948277759;0.509301106;0;1
430;430;430;0.014705882;0.824034335;0.5513935289999999;1;1
431;431;431;0.294117647;0.390447893;0.491702116;1;0
432;432;432;0.029411765;0.910751623;0.4772397;1;0
433;433;433;0.294117647;0.9005172220000001;0.45481579;1;0
434;434;434;0.073529412;0.896225377;0.397473759;1;0
435;435;435;0.117647059;0.932100803;0.396852315;1;0
436;436;436;0.029411765;0.977440299;0.5516624;1;1
437;437;437;0.294117647;0.942940464;0.648754997;0;1
438;438;438;0.558823529;0.827005612;0.443875189;1;0
439;439;439;0.117647059;0.980246506;0.250770896;0;0
440;440;440;0.117647059;0.910091339;0.5865559810000001;1;1
441;441;441;0.117647059;0.924617586;0.488483345;0;0
442;442;442;0.235294118;0.869098712;0.546553705;1;1
443;443;443;0.117647059;0.974193903;0.5519704120000001;1;1
444;444;444;0.647058824;0.7333553429999999;0.574650698;0;1
445;445;445;0.073529412;0.945306482;0.584899701;0;1
446;446;446;0.470588235;0.912402333;0.48985871;0;0
447;447;447;0.044117647;0.872014966;0.418505292;1;0
448;448;448;0.117647059;0.935402223;0.622272735;0;1
449;449;449;0.161764706;0.930560141;0.5133007470000001;1;1
450;450;450;0.470588235;0.405524375;0.372300021;1;0
451;451;451;0.029411765;0.985253659;0.359317598;0;0
452;452;452;0.117647059;0.861945637;0.662869959;1;1
453;453;453;0.294117647;0.866842742;0.611341468;1;1
454;454;454;0.294117647;0.748706944;0.535099149;1;1
455;455;455;0.294117647;0.866347529;0.332179568;0;0
456;456;456;0.102941176;0.798888522;0.462355913;1;0
457;457;457;0.117647059;0.8274458020000001;0.578932005;1;1
458;458;458;0.029411765;0.9948828000000002;0.283589686;0;0
459;459;459;0.205882353;0.76097722;0.350423486;1;0
460;460;460;0.470588235;0.814570265;0.518169023;1;1
461;461;461;0.161764706;0.919060196;0.449145718;1;0
462;462;462;0.117647059;0.847749532;0.32689549;0;0
463;463;463;0.117647059;0.972268075;0.62137956;1;1
464;464;464;0.205882353;0.906459778;0.439505513;1;0
465;465;465;0.294117647;0.8528667329999999;0.5234699620000001;1;1
466;466;466;0.294117647;0.922471663;0.342621267;0;0
467;467;467;0.647058824;0.615494663;0.6379944470000001;1;1
468;468;468;0.426470588;0.8616705179999999;0.534227803;0;1
469;469;469;0.294117647;0.7563002090000001;0.528759911;1;1
470;470;470;0.294117647;0.843622758;0.382215269;1;0
471;471;471;0.029411765;0.989105315;0.422049689;0;0
472;472;472;0.073529412;0.977770441;0.404892996;1;0
473;473;473;0.029411765;0.945636624;0.390706677;1;0
474;474;474;0.205882353;0.945251458;0.400210942;1;0
475;475;475;0.205882353;0.842412237;0.520612947;0;1
476;476;476;0.514705882;0.872400132;0.537136003;1;1
477;477;477;0.294117647;0.730274018;0.423142635;1;0
478;478;478;0.117647059;0.956696379;0.5332111820000001;1;1
479;479;479;0.161764706;0.932430945;0.622175935;1;1
480;480;480;0.117647059;0.817156377;0.383219244;0;0
481;481;481;0.294117647;0.947672499;0.324053981;1;0
482;482;482;0.382352941;0.814460218;0.641267564;0;1
483;483;483;0.161764706;0.960933201;0.518951549;0;1
484;484;484;0.117647059;0.949763398;0.477657759;1;0
485;485;485;0.029411765;0.94723231;0.391003549;1;0
486;486;486;0.117647059;0.844448113;0.5200797220000001;1;1
487;487;487;0.294117647;0.8070320240000001;0.576958078;0;1
488;488;488;0.088235294;0.935732365;0.384304061;1;0
489;489;489;0.029411765;0.8201826790000001;0.452637726;1;0
490;490;490;0.117647059;0.907340156;0.578292195;1;1
491;491;491;0.338235294;0.55606911;0.670258184;0;1
492;492;492;0.029411765;0.945691647;0.460484356;0;0
493;493;493;0.029411765;0.993507208;0.56240353;1;1
494;494;494;0.117647059;0.896995708;0.429080825;1;0
495;495;495;0.294117647;0.8489050290000001;0.553740653;1;1
496;496;496;0.470588235;0.516672169;0.299955424;1;0
497;497;497;0.294117647;0.926543414;0.552681128;1;1
498;498;498;0.205882353;0.942170133;0.469405114;1;0
499;499;499;0.029411765;0.940959613;0.661154365;1;1
500;500;500;0.294117647;0.841917024;0.304378544;0;0
501;501;501;0.470588235;0.71151095;0.654033957;1;1
502;502;502;0.073529412;0.951799274;0.624867352;1;1
503;503;503;0.294117647;0.946847144;0.509946938;1;1
504;504;504;0.294117647;0.947342357;0.463527443;0;0
505;505;505;0.088235294;0.941729944;0.447435393;1;0
506;506;506;0.161764706;0.8839000770000001;0.442604301;1;0
507;507;507;0.161764706;0.636843843;0.35788066;1;0
508;508;508;0.294117647;0.936007483;0.414907001;1;0
509;509;509;0.514705882;0.5412127210000001;0.498775554;1;0
510;510;510;0.117647059;0.971992957;0.435281863;1;0
511;511;511;0.470588235;0.755915043;0.499504486;1;0
512;512;512;0.161764706;0.86590734;0.578791698;1;1
513;513;513;0.117647059;0.981567074;0.53008635;1;1
514;514;514;0.294117647;0.889677561;0.313264225;1;0
515;515;515;0.029411765;0.980246506;0.513424795;0;1
516;516;516;0.029411765;0.938868714;0.451463035;1;0
517;517;517;0.470588235;0.621602289;0.5442835079999999;0;1
518;518;518;0.029411765;0.947562452;0.491840164;1;0
519;519;519;0.029411765;0.975239353;0.605516487;1;1
520;520;520;0.294117647;0.710740618;0.6365627779999999;1;1
521;521;521;0.205882353;0.838230439;0.442315558;0;0
522;522;522;0.647058824;0.622042478;0.592701017;1;1
523;523;523;0.294117647;0.8218333879999999;0.564207945;0;1
524;524;524;0.205882353;0.952514581;0.471329662;0;0
525;525;525;0.323529412;0.575437438;0.46182329;1;0
526;526;526;0.161764706;0.929459668;0.435576628;0;0
527;527;527;0.0;0.931055354;0.44453743;1;0
528;528;528;0.470588235;0.887091449;0.5316613370000001;1;1
529;529;529;0.029411765;0.977330252;0.427610918;1;0
530;530;530;0.470588235;0.888687135;0.516454333;1;1
531;531;531;0.161764706;0.868988665;0.5793649679999999;0;1
532;532;532;0.117647059;0.931055354;0.474177193;1;0
533;533;533;0.294117647;0.941619897;0.5089744270000001;1;1
534;534;534;0.294117647;0.84290745;0.397586065;1;0
535;535;535;0.25;0.8861560470000001;0.366416629;1;0
536;536;536;0.029411765;0.938153406;0.342802822;0;0
537;537;537;0.205882353;0.815010454;0.593034321;0;1
538;538;538;0.647058824;0.5866072410000001;0.624868105;1;1
539;539;539;0.205882353;0.845988775;0.35848765200000005;0;0
540;540;540;0.117647059;0.92934962;0.380836591;1;0
541;541;541;0.294117647;0.901947838;0.6411284620000001;1;1
542;542;542;0.382352941;0.664355673;0.56682951;1;1
543;543;543;0.205882353;0.8561681520000001;0.375885365;1;0
544;544;544;0.117647059;0.944701222;0.592995029;1;1
545;545;545;0.294117647;0.940409376;0.36921433;1;0
546;546;546;0.294117647;0.902498074;0.501695948;0;1
547;547;547;0.294117647;0.928359194;0.444491815;1;0
548;548;548;0.117647059;0.979311104;0.459899193;0;0
549;549;549;0.647058824;0.526356333;0.51288344;1;1
550;550;550;0.117647059;0.95895235;0.572390588;0;1
551;551;551;0.029411765;0.91746451;0.587015741;1;1
552;552;552;0.647058824;0.628645317;0.562921701;1;1
553;553;553;0.117647059;0.903983713;0.283094097;1;0
554;554;554;0.073529412;0.947782546;0.585360364;0;1
555;555;555;0.117647059;0.940519423;0.3519069420000001;1;0
556;556;556;0.205882353;0.888412017;0.467155542;0;0
557;557;557;0.25;0.738472543;0.60250652;0;1
558;558;558;0.294117647;0.818311874;0.563552779;1;1
559;559;559;0.205882353;0.907670298;0.431978788;1;0
560;560;560;0.294117647;0.850665786;0.5850759879999999;1;1
561;561;561;0.294117647;0.928689336;0.529824555;1;1
562;562;562;0.029411765;0.976174755;0.342124624;0;0
563;563;563;0.470588235;0.332067789;0.521424377;1;1
564;564;564;0.294117647;0.7544844279999999;0.450902712;1;0
565;565;565;0.294117647;0.928304171;0.5375048339999999;0;1
566;566;566;0.117647059;0.938263453;0.537533739;1;1
567;567;567;0.294117647;0.8719049190000001;0.5580197020000001;1;1
568;568;568;0.647058824;0.7948167709999999;0.500814064;1;1
569;569;569;0.647058824;0.64190602;0.456861676;0;0
570;570;570;0.294117647;0.835809398;0.419521311;0;0
571;571;571;0.382352941;0.686145042;0.462356214;1;0
572;572;572;0.294117647;0.7148123690000001;0.459025739;0;0
573;573;573;0.161764706;0.969406845;0.466264475;0;0
574;574;574;0.073529412;0.954220315;0.586558089;1;1
575;575;575;0.161764706;0.86034995;0.5777577660000001;0;1
576;576;576;0.117647059;0.8525365909999999;0.428561299;0;0
577;577;577;0.294117647;0.907725322;0.487164583;0;0
578;578;578;0.470588235;0.8585891929999999;0.526358591;1;1
579;579;579;0.294117647;0.962198745;0.443035608;1;0
580;580;580;0.205882353;0.95565093;0.619199991;1;1
581;581;581;0.117647059;0.841862001;0.480838895;1;0
582;582;582;0.073529412;0.937383075;0.374123253;0;0
583;583;583;0.470588235;0.882579509;0.32151958;1;0
584;584;584;0.117647059;0.896390448;0.584006978;0;1
585;585;585;0.205882353;0.901562672;0.578129307;0;1
586;586;586;0.073529412;0.85974469;0.468206034;1;0
587;587;587;0.117647059;0.942830417;0.313577205;1;0
588;588;588;0.205882353;0.946792121;0.42375339;1;0
589;589;589;0.117647059;0.890172774;0.590602139;1;1
590;590;590;0.117647059;0.992571806;0.601901184;0;1
591;591;591;0.294117647;0.905634423;0.548791083;0;1
592;592;592;0.25;0.927258721;0.5678620879999999;0;1
593;593;593;0.294117647;0.864201607;0.502322962;0;1
594;594;594;0.294117647;0.939033785;0.578260731;1;1
595;595;595;0.029411765;0.962528887;0.34733779600000003;0;0
596;596;596;0.294117647;0.934411797;0.600656641;0;1
597;597;597;0.294117647;0.780400572;0.641770831;1;1
598;598;598;0.205882353;0.861065258;0.5395871520000001;1;1
599;599;599;0.294117647;0.801199516;0.482849705;1;0
600;600;600;0.044117647;0.88560581;0.35901831799999995;0;0
601;601;601;0.073529412;0.963244195;0.332422997;0;0
602;602;602;0.294117647;0.912677451;0.5268456;0;1
603;603;603;0.470588235;0.8294816770000001;0.451175798;0;0
604;604;604;0.088235294;0.943600748;0.33150438;0;0
605;605;605;0.294117647;0.858149004;0.493444958;1;0
606;606;606;0.294117647;0.7647188290000001;0.43730291;1;0
607;607;607;0.470588235;0.8667877190000001;0.527883898;0;1
608;608;608;0.205882353;0.900902388;0.298936696;1;0
609;609;609;0.161764706;0.942225157;0.577486486;1;1
610;610;610;0.117647059;0.972983383;0.342442873;0;0
611;611;611;0.088235294;0.945526576;0.634188255;0;1
612;612;612;0.25;0.829041488;0.34028678799999995;0;0
613;613;613;0.294117647;0.8139099809999999;0.578237698;0;1
614;614;614;0.205882353;0.914273137;0.394447533;0;0
615;615;615;0.647058824;0.342247166;0.455374758;1;0
616;616;616;0.8235294120000001;0.509904259;0.519398512;1;1
617;617;617;0.029411765;0.81148894;0.575051294;1;1
618;618;618;0.382352941;0.8244195;0.565601074;0;1
619;619;619;0.117647059;0.978540773;0.36673262;1;0
620;620;620;0.25;0.812809508;0.585328901;1;1
621;621;621;0.205882353;0.929569715;0.474812788;1;0
622;622;622;0.647058824;0.798393309;0.454967839;1;0
623;623;623;0.117647059;0.911521954;0.28449656100000004;0;0
624;624;624;0.205882353;0.870694399;0.525874744;1;1
625;625;625;0.161764706;0.904864092;0.477512334;1;0
626;626;626;0.029411765;0.89732585;0.420478316;1;0
627;627;627;0.073529412;0.934686915;0.5286604020000001;1;1
628;628;628;0.558823529;0.7913502809999999;0.5767765229999999;1;1
629;629;629;0.073529412;0.802905249;0.604918076;1;1
630;630;630;0.294117647;0.8123693190000001;0.546943311;0;1
631;631;631;0.205882353;0.928304171;0.443569586;1;0
632;632;632;0.161764706;0.93430175;0.296942596;1;0
633;633;633;0.073529412;0.904809068;0.430078477;0;0
634;634;634;0.294117647;0.939198856;0.469764311;0;0
635;635;635;0.117647059;0.937107956;0.66134977;1;1
636;636;636;0.294117647;0.938043359;0.415285769;0;0
637;637;637;0.8235294120000001;0.152470562;0.615689918;1;1
638;638;638;0.117647059;0.93160559;0.381256307;0;0
639;639;639;0.558823529;0.77330252;0.557914924;1;1
640;640;640;0.205882353;0.97248817;0.219231725;0;0
641;641;641;0.161764706;0.941784968;0.600660404;1;1
642;642;642;0.161764706;0.7593815340000001;0.411686122;1;0
643;643;643;0.294117647;0.91190712;0.5034464679999999;1;1
644;644;644;0.205882353;0.910311434;0.463477914;1;0
645;645;645;0.470588235;0.574667107;0.473535878;1;0
646;646;646;0.382352941;0.76158248;0.507398838;1;1
647;647;647;0.117647059;0.937493122;0.444367165;0;0
648;648;648;0.294117647;0.961648509;0.51270068;1;1
649;649;649;0.117647059;0.976119731;0.459305449;1;0
650;650;650;0.647058824;0.602399032;0.441759601;1;0
651;651;651;0.117647059;0.90800044;0.353608837;1;0
652;652;652;0.294117647;0.887036426;0.452307734;1;0
653;653;653;0.470588235;0.568834599;0.7902802170000001;1;1
654;654;654;0.294117647;0.884670408;0.544890801;1;1
655;655;655;0.147058824;0.795146913;0.454363858;1;0
656;656;656;0.117647059;0.964894905;0.550240365;1;1
657;657;657;0.647058824;0.451304061;0.483416351;1;0
658;658;658;0.382352941;0.781501045;0.46459299;0;0
659;659;659;0.205882353;0.6637504129999999;0.456365786;1;0
660;660;660;0.117647059;0.942390228;0.507293759;1;1
661;661;661;0.117647059;0.964234621;0.387326824;1;0
662;662;662;0.25;0.8904478929999999;0.537757747;1;1
663;663;663;0.029411765;0.955981072;0.29960797;1;0
664;664;664;0.029411765;0.956146143;0.501189068;0;1
665;665;665;0.294117647;0.666336525;0.34147984600000003;1;0
666;666;666;0.382352941;0.8213931990000001;0.409999282;1;0
667;667;667;0.647058824;0.815175525;0.5046017389999999;0;1
668;668;668;0.117647059;0.7472763290000001;0.610528382;1;1
669;669;669;0.382352941;0.847749532;0.600949297;1;1
670;670;670;0.294117647;0.7860129859999999;0.487776242;1;0
671;671;671;0.470588235;0.697810058;0.558461698;1;1
672;672;672;0.8235294120000001;0.443380654;0.6930685390000001;1;1
673;673;673;0.029411765;0.8993067020000001;0.451854598;1;0
674;674;674;0.25;0.871794872;0.324985092;1;0
675;675;675;0.382352941;0.764498734;0.562204963;0;1
676;676;676;0.294117647;0.730384065;0.562697993;1;1
677;677;677;1.0;0.705898536;0.565438487;1;1
678;678;678;0.294117647;0.882579509;0.56775761;1;1
679;679;679;0.205882353;0.933806537;0.33606615;0;0
680;680;680;0.029411765;0.929129526;0.410891403;0;0
681;681;681;0.117647059;0.888356994;0.466233312;1;0
682;682;682;0.161764706;0.932430945;0.482641051;1;0
683;683;683;0.294117647;0.732970177;0.501163626;1;1
684;684;684;0.470588235;0.4713876970000001;0.570600173;1;1
685;685;685;0.8235294120000001;0.654616485;0.554073655;1;1
686;686;686;0.088235294;0.939639045;0.470302203;1;0
687;687;687;0.470588235;0.8562781999999999;0.5724402670000001;1;1
688;688;688;0.073529412;0.8622757790000001;0.577204066;1;1
689;689;689;0.117647059;0.8128645320000001;0.498699831;1;0
690;690;690;0.161764706;0.960107846;0.549805746;1;1
691;691;691;0.161764706;0.868988665;0.385566519;0;0
692;692;692;0.294117647;0.854407395;0.3687178370000001;1;0
693;693;693;0.029411765;0.754264334;0.448125786;1;0
694;694;694;0.294117647;0.888081875;0.452502237;1;0
695;695;695;0.029411765;0.945746671;0.5225100970000001;1;1
696;696;696;0.117647059;0.953064818;0.524783605;1;1
697;697;697;0.117647059;0.962804006;0.340549035;0;0
698;698;698;0.205882353;0.914713327;0.441041057;1;0
699;699;699;0.161764706;0.908935842;0.5945489389999999;1;1
700;700;700;0.117647059;0.951964345;0.454811424;0;0
701;701;701;0.647058824;0.665401122;0.662783246;1;1
702;702;702;0.294117647;0.937988335;0.5082987870000001;0;1
703;703;703;0.382352941;0.876031694;0.5596994670000001;1;1
704;704;704;0.338235294;0.874656102;0.318677469;0;0
705;705;705;0.161764706;0.720809948;0.629316215;0;1
706;706;706;0.647058824;0.652800704;0.505400222;1;1
707;707;707;0.117647059;0.850390668;0.412658182;0;0
708;708;708;0.073529412;0.947397381;0.5620328920000001;0;1
709;709;709;0.073529412;0.8972158029999999;0.405409962;1;0
710;710;710;0.205882353;0.979146033;0.615819235;1;1
711;711;711;0.029411765;0.94783757;0.553906853;0;1
712;712;712;0.25;0.877517332;0.605119504;1;1
713;713;713;0.073529412;0.95113899;0.492961563;1;0
714;714;714;0.8235294120000001;0.241939034;0.454040641;1;0
715;715;715;0.382352941;0.595796192;0.6936091409999999;1;1
716;716;716;0.382352941;0.844448113;0.584831204;1;1
717;717;717;0.205882353;0.930945306;0.420805146;1;0
718;718;718;0.294117647;0.840541433;0.474665255;1;0
719;719;719;0.235294118;0.675470452;0.619056974;1;1
720;720;720;0.073529412;0.940189281;0.397901152;1;0
721;721;721;0.029411765;0.98993067;0.32917998800000003;0;0
722;722;722;0.117647059;0.94618686;0.3607132870000001;0;0
723;723;723;0.073529412;0.970287224;0.403500769;0;0
724;724;724;0.338235294;0.872345108;0.488790152;0;0
725;725;725;0.029411765;1.0;0.462836297;0;0
726;726;726;0.161764706;0.941344778;0.476547501;1;0
727;727;727;0.205882353;0.910201387;0.5332248820000001;0;1
728;728;728;0.647058824;0.6607241110000001;0.568889848;0;1
729;729;729;0.294117647;0.943600748;0.617870089;1;1
730;730;730;0.294117647;0.661439419;0.410336198;1;0
731;731;731;0.294117647;0.904423902;0.540813932;1;1
732;732;732;0.05882352900000001;0.971937933;0.4010719;0;0
733;733;733;0.294117647;0.8705293279999999;0.557763778;0;1
734;734;734;0.0;0.8277759440000001;0.433074594;0;0
735;735;735;0.470588235;0.794211511;0.359342588;0;0
736;736;736;0.294117647;0.377682403;0.566846521;0;1
737;737;737;0.205882353;0.772752283;0.468893266;1;0
738;738;738;0.029411765;0.641740949;0.566726086;1;1
739;739;739;0.382352941;0.7782546490000001;0.518252575;0;1
740;740;740;0.294117647;0.885825905;0.560609653;1;1
741;741;741;0.088235294;0.956091119;0.45010724;1;0
742;742;742;0.25;0.8398811490000001;0.528349981;1;1
743;743;743;0.294117647;0.8771321670000001;0.49697671;1;0
744;744;744;0.514705882;0.233575437;0.534563966;1;1
745;745;745;0.132352941;0.914878398;0.342120559;1;0
746;746;746;0.161764706;0.8755915040000001;0.472066272;0;0
747;747;747;0.117647059;0.943655772;0.298226883;0;0
748;748;748;0.25;0.7249917459999999;0.506975209;1;1
749;749;749;0.161764706;0.847089248;0.482267402;1;0
750;750;750;0.029411765;0.990205788;0.484269932;0;0
751;751;751;0.205882353;0.960052823;0.426220498;0;0
752;752;752;0.117647059;0.967481017;0.566225378;0;1
753;753;753;0.382352941;0.696214372;0.479733454;0;0
754;754;754;0.117647059;0.928194123;0.613179755;1;1
755;755;755;0.294117647;0.943050512;0.555752216;0;1
756;756;756;0.029411765;0.94228018;0.459849664;1;0
757;757;757;0.161764706;0.943820843;0.562279482;1;1
758;758;758;0.294117647;0.937107956;0.477127244;1;0
759;759;759;0.117647059;0.975734566;0.57551286;1;1
760;760;760;0.161764706;0.7361615490000001;0.632172327;0;1
761;761;761;0.205882353;0.8968856609999999;0.530747537;0;1
762;762;762;0.117647059;0.891933531;0.397131273;1;0
763;763;763;0.25;0.316055904;0.500661564;1;1
764;764;764;0.294117647;0.87823264;0.543693077;1;1
765;765;765;0.117647059;0.950203588;0.5785148489999999;1;1
766;766;766;0.382352941;0.842742379;0.49924254;1;0
767;767;767;0.088235294;0.854132277;0.500905595;0;1
768;768;768;0.117647059;0.8147353359999999;0.731606027;1;1
769;769;769;0.117647059;0.922691757;0.6509157489999999;1;1
770;770;770;0.294117647;0.859029383;0.648647509;0;1
771;771;771;0.470588235;0.5699900960000001;0.480417674;0;0
772;772;772;0.25;0.833553428;0.689963428;1;1
773;773;773;0.294117647;0.891438318;0.639173203;1;1
774;774;774;0.117647059;0.932320898;0.489916519;1;0
775;775;775;0.294117647;0.938318477;0.508360209;0;1
776;776;776;0.470588235;0.8192472759999999;0.612062421;1;1
777;777;777;0.205882353;0.820677891;0.377034464;0;0
778;778;778;0.470588235;0.699515792;0.5665309820000001;1;1
779;779;779;0.205882353;0.800704303;0.435333951;0;0
780;780;780;0.514705882;0.742324199;0.574951333;1;1
781;781;781;0.294117647;0.907010014;0.595558635;1;1
782;782;782;0.117647059;0.936172554;0.420865664;1;0
783;783;783;0.117647059;0.967756135;0.318214548;0;0
784;784;784;0.235294118;0.657862881;0.468494325;1;0
785;785;785;0.205882353;0.906954991;0.369830203;1;0
786;786;786;0.264705882;0.8665676240000001;0.613570265;1;1
787;787;787;0.647058824;0.8623858259999999;0.652919935;1;1
788;788;788;0.647058824;0.671288654;0.617366973;1;1
789;789;789;0.529411765;0.683724001;0.458257817;1;0
790;790;790;0.25;0.948387807;0.6570643979999999;0;1
791;791;791;0.294117647;0.666391548;0.605055974;1;1
792;792;792;0.029411765;0.946572026;0.507159775;1;1
793;793;793;0.294117647;0.85462749;0.616820801;1;1
794;794;794;0.294117647;0.8452734679999999;0.5375611379999999;1;1
795;795;795;0.073529412;0.8871464729999999;0.473304041;0;0
796;796;796;0.205882353;0.600473203;0.615135917;1;1
797;797;797;0.117647059;0.944536151;0.515444938;0;1
798;798;798;0.294117647;0.974303951;0.654590065;1;1
799;799;799;0.073529412;0.928524265;0.279451847;1;0
800;800;800;0.294117647;0.92588313;0.64558154;1;1
801;801;801;0.205882353;0.914988445;0.6348906910000001;0;1
802;802;802;0.235294118;0.778694839;0.700277015;0;1
803;803;803;0.117647059;0.960052823;0.619106955;1;1
804;804;804;0.117647059;0.602619126;0.273537895;0;0
805;805;805;0.470588235;0.503631562;0.42931221;1;0
806;806;806;0.029411765;0.981291956;0.381836351;1;0
807;807;807;0.117647059;0.962583911;0.7126011109999999;1;1
808;808;808;0.558823529;0.502971278;0.406845546;1;0
809;809;809;0.161764706;0.915923847;0.355538956;0;0
810;810;810;0.05882352900000001;0.963849455;0.360807377;1;0
811;811;811;0.029411765;0.987124464;0.475944725;1;0
812;812;812;0.470588235;0.483933091;0.549678386;1;1
813;813;813;0.647058824;0.845878728;0.587833343;1;1
814;814;814;0.647058824;0.7974579070000001;0.594328694;1;1
815;815;815;0.470588235;0.604820073;0.44813798;0;0
816;816;816;0.029411765;0.940134258;0.552473679;1;1
817;817;817;0.029411765;0.928249147;0.550262495;0;1
818;818;818;0.470588235;0.14124573599999998;0.33863577799999994;1;0
819;819;819;0.205882353;0.939749092;0.445698873;1;0
820;820;820;0.117647059;0.953174865;0.462788575;1;0
821;821;821;0.117647059;0.8478045559999999;0.350161541;1;0
822;822;822;0.470588235;0.8645317490000001;0.589479687;1;1
823;823;823;0.05882352900000001;0.973533619;0.587415284;1;1
824;824;824;0.205882353;0.80576648;0.428523814;1;0
825;825;825;0.25;0.925608011;0.590810793;1;1
826;826;826;0.205882353;0.7955320790000001;0.744449197;0;1
827;827;827;0.205882353;0.78458237;0.47884615;1;0
828;828;828;0.470588235;0.555133707;0.593932765;1;1
829;829;829;0.647058824;0.646142841;0.519665426;1;1
830;830;830;0.294117647;0.883074722;0.451570673;1;0
831;831;831;0.205882353;0.946847144;0.400507813;0;0
832;832;832;0.602941176;0.363596346;0.66044109;1;1
833;833;833;0.294117647;0.734015627;0.625389136;0;1
834;834;834;0.161764706;0.885715858;0.419686306;0;0
835;835;835;0.117647059;0.954220315;0.524998581;1;1
836;836;836;0.117647059;0.965004952;0.387470142;0;0
837;837;837;0.0;0.980686695;0.438267292;0;0
838;838;838;0.294117647;0.851050952;0.631659274;1;1
839;839;839;0.294117647;0.870089138;0.588689634;1;1
840;840;840;0.470588235;0.728788379;0.455697975;1;0
841;841;841;0.25;0.8490700999999999;0.444788236;1;0
842;842;842;0.205882353;0.906844943;0.439577171;0;0
843;843;843;0.294117647;0.927974029;0.552947289;1;1
844;844;844;0.205882353;0.82546495;0.656994847;1;1
845;845;845;0.25;0.794981842;0.535500498;1;1
846;846;846;0.205882353;0.641740949;0.545294258;1;1
847;847;847;0.294117647;0.945031363;0.370074235;1;0
848;848;848;0.073529412;0.938703643;0.5449115760000001;1;1
849;849;849;0.117647059;0.97474414;0.552072781;1;1
850;850;850;0.235294118;0.890778035;0.442059935;1;0
851;851;851;0.294117647;0.7913502809999999;0.6050482970000001;1;1
852;852;852;0.161764706;0.932816111;0.529224338;1;1
853;853;853;0.205882353;0.934411797;0.5609849579999999;1;1
854;854;854;0.470588235;0.415373611;0.55242701;1;1
855;855;855;0.294117647;0.93265104;0.414282546;1;0
856;856;856;0.088235294;0.964564763;0.474939545;0;0
857;857;857;0.161764706;0.829811819;0.370525865;1;0
858;858;858;0.161764706;0.7959172440000001;0.39522765;0;0
859;859;859;0.073529412;0.816936283;0.444737804;1;0
860;860;860;0.294117647;0.6943985909999999;0.416468137;1;0
861;861;861;0.205882353;0.8944095959999999;0.390751991;1;0
862;862;862;0.294117647;0.8795532079999999;0.450915508;0;0
863;863;863;0.338235294;0.7647188290000001;0.367991465;1;0
864;864;864;0.088235294;0.8921536259999999;0.40720414;1;0
865;865;865;0.161764706;0.891548366;0.5370504939999999;0;1
866;866;866;0.205882353;0.8823043909999999;0.295476604;0;0
867;867;867;0.117647059;0.830472103;0.61050279;1;1
868;868;868;0.470588235;0.6060856170000001;0.556900562;1;1
869;869;869;0.117647059;0.977880489;0.575912102;0;1
870;870;870;0.470588235;0.591284252;0.631666199;0;1
871;871;871;0.029411765;0.939859139;0.691957378;1;1
872;872;872;0.294117647;0.937713217;0.461735975;1;0
873;873;873;0.161764706;0.965665236;0.302777664;0;0
874;874;874;0.117647059;0.816220975;0.3985490920000001;1;0
875;875;875;0.102941176;0.941014636;0.519805733;0;1
876;876;876;0.205882353;0.907010014;0.493871448;1;0
877;877;877;0.470588235;0.815945857;0.5184249470000001;1;1
878;878;878;0.073529412;0.93551227;0.381527135;1;0
879;879;879;0.382352941;0.6427863979999999;0.578320497;1;1
880;880;880;0.294117647;0.5838010339999999;0.496667042;1;0
881;881;881;0.294117647;0.50330142;0.489442307;1;0
882;882;882;0.382352941;0.8937493120000001;0.656019024;1;1
883;883;883;0.205882353;0.953339936;0.401715775;0;0
884;884;884;0.294117647;0.7905249259999999;0.511871486;1;1
885;885;885;0.117647059;0.970012105;0.434913333;0;0
886;886;886;0.294117647;0.858314075;0.539987297;1;1
887;887;887;0.647058824;0.151425113;0.396617166;1;0
888;888;888;0.470588235;0.649829427;0.6503102629999999;1;1
889;889;889;0.352941176;0.583250798;0.48425277;1;0
890;890;890;0.338235294;0.8793881370000001;0.761418313;1;1
891;891;891;0.161764706;0.913117641;0.6185827620000001;1;1
892;892;892;0.117647059;0.8942995490000001;0.490594718;1;0
893;893;893;0.470588235;0.694618686;0.57337183;1;1
894;894;894;0.205882353;0.949433256;0.494012206;1;0
895;895;895;0.470588235;0.521459227;0.471388675;1;0
896;896;896;0.25;0.870364257;0.464253815;0;0
897;897;897;0.117647059;0.926158248;0.457762228;0;0
898;898;898;0.161764706;0.893474194;0.591672353;0;1
899;899;899;0.205882353;0.785242654;0.478968994;1;0
900;900;900;0.176470588;0.8693188070000001;0.6286739960000001;1;1
901;901;901;0.235294118;0.821998459;0.537790867;1;1
902;902;902;0.470588235;0.437273027;0.649524576;1;1
903;903;903;0.161764706;0.937493122;0.390559596;1;0
904;904;904;0.294117647;0.943435677;0.486056432;1;0
905;905;905;0.117647059;0.952844723;0.470479091;1;0
906;906;906;0.25;0.806701882;0.467913528;1;0
907;907;907;0.470588235;0.8095631120000001;0.486229708;1;0
908;908;908;0.161764706;0.81600088;0.43772383;0;0
909;909;909;0.073529412;0.8379553209999999;0.425392508;0;0
910;910;910;0.470588235;0.7686805329999999;0.5561430270000001;0;1
911;911;911;0.294117647;0.75316386;0.466160901;0;0
912;912;912;0.382352941;0.849180147;0.663230962;0;1
913;913;913;0.102941176;0.895895235;0.557923053;1;1
914;914;914;0.294117647;0.839826125;0.397012795;1;0
915;915;915;0.647058824;0.0;0.422708618;0;0
916;916;916;0.088235294;0.8570485309999999;0.454936526;1;0
917;917;917;0.029411765;0.194123473;0.529960044;1;1
918;918;918;0.294117647;0.883955101;0.358711209;1;0
919;919;919;0.294117647;0.8297017720000001;0.511408264;1;1
920;920;920;0.205882353;0.913777925;0.440867028;0;0
921;921;921;0.647058824;0.312259271;0.387780111;1;0
922;922;922;0.073529412;0.938593595;0.451867846;0;0
923;923;923;0.117647059;0.903598547;0.54658833;1;1
924;924;924;0.294117647;0.635633322;0.328015684;1;0
925;925;925;0.117647059;0.975404424;0.389404927;1;0
926;926;926;0.205882353;0.956036096;0.448729014;0;0
927;927;927;0.647058824;0.447177286;0.6221834620000001;1;1
928;928;928;0.382352941;0.911026741;0.6127218010000001;1;1
929;929;929;0.117647059;0.939804116;0.406037428;1;0
930;930;930;0.294117647;0.917629581;0.295208787;1;0
931;931;931;0.073529412;0.921866403;0.324724803;0;0
932;932;932;0.073529412;0.946406955;0.4068098670000001;1;0
933;933;933;0.117647059;0.985033564;0.623754535;1;1
934;934;934;0.117647059;0.931330472;0.334693494;0;0
935;935;935;0.382352941;0.908165511;0.49591041;1;0
936;936;936;0.073529412;0.972763288;0.388457557;0;0
937;937;937;0.029411765;0.900242104;0.382261185;1;0
938;938;938;0.8235294120000001;0.66776714;0.556520289;1;1
939;939;939;0.294117647;0.6372840320000001;0.5841367470000001;1;1
940;940;940;0.117647059;0.819687466;0.445705648;1;0
941;941;941;0.088235294;0.928689336;0.38299373;1;0
942;942;942;0.294117647;0.962638935;0.466373318;1;0
943;943;943;0.0;0.933696489;0.491540432;1;0
944;944;944;0.161764706;0.912237262;0.292837575;0;0
945;945;945;0.647058824;0.553868163;0.455986416;0;0
946;946;946;0.294117647;0.8294816770000001;0.441599874;1;0
947;947;947;0.117647059;0.856443271;0.390528433;1;0
948;948;948;0.205882353;0.929404644;0.280983627;1;0
949;949;949;0.294117647;0.814515242;0.686877437;1;1
950;950;950;0.205882353;0.816220975;0.407213022;1;0
951;951;951;0.470588235;0.895730164;0.548772415;1;1
952;952;952;0.294117647;0.787443601;0.464786589;0;0
953;953;953;0.470588235;0.409926268;0.32660735;0;0
954;954;954;0.117647059;0.909596126;0.470184779;0;0
955;955;955;0.294117647;0.946021789;0.6725840809999999;0;1
956;956;956;0.382352941;0.812589413;0.617663694;1;1
957;957;957;0.073529412;0.950258611;0.694348159;1;1
958;958;958;0.352941176;0.793331132;0.407058414;1;0
959;959;959;0.294117647;0.844888302;0.5840011070000001;1;1
960;960;960;0.029411765;0.918014746;0.563862297;1;1
961;961;961;0.25;0.884285243;0.629634464;1;1
962;962;962;0.161764706;0.8180917790000001;0.399353145;1;0
963;963;963;0.294117647;0.881864202;0.575376468;1;1
964;964;964;0.029411765;0.988775173;0.290205322;1;0
965;965;965;0.382352941;0.919390338;0.38171968;0;0
966;966;966;0.338235294;0.875096291;0.435038435;1;0
967;967;967;0.161764706;0.817431496;0.484501619;0;0
968;968;968;0.558823529;0.619456366;0.606811764;1;1
969;969;969;0.102941176;0.797017718;0.469759794;1;0
970;970;970;0.161764706;0.930450094;0.389249265;1;0
971;971;971;0.294117647;0.606965995;0.516480678;1;1
972;972;972;0.294117647;0.948112688;0.5101823879999999;0;1
973;973;973;0.8235294120000001;0.612248267;0.639214452;1;1
974;974;974;0.382352941;0.857983933;0.41680686;0;0
975;975;975;0.294117647;0.944536151;0.470757296;0;0
976;976;976;0.029411765;0.972323099;0.48094292;0;0
977;977;977;0.205882353;0.880213492;0.527645739;1;1
978;978;978;0.294117647;0.874105866;0.612692747;1;1
979;979;979;0.161764706;0.944206009;0.453824009;1;0
980;980;980;0.382352941;0.552327501;0.468467679;1;0
981;981;981;0.647058824;0.747221305;0.406687776;1;0
982;982;982;0.25;0.852921756;0.461008699;0;0
983;983;983;0.470588235;0.560966215;0.439979123;1;0
984;984;984;0.294117647;0.902167932;0.540394216;1;1
985;985;985;0.161764706;0.93490701;0.483101715;0;0
986;986;986;0.558823529;0.667712116;0.429743066;1;0
987;987;987;0.132352941;0.936227578;0.446867693;0;0
988;988;988;0.294117647;0.651755255;0.292255424;1;0
989;989;989;0.294117647;0.917849675;0.527807874;1;1
990;990;990;0.117647059;0.817596567;0.352293388;1;0
991;991;991;0.161764706;0.927423792;0.55147693;1;1
992;992;992;0.205882353;0.907230109;0.617943404;1;1
993;993;993;0.470588235;0.7959172440000001;0.398419624;1;0
994;994;994;0.117647059;0.882249367;0.511608637;1;1
995;995;995;0.117647059;0.918234841;0.526055547;0;1
996;996;996;0.382352941;0.801529658;0.522582809;1;1
997;997;997;0.117647059;0.969516892;0.5743560839999999;1;1
998;998;998;0.602941176;0.912237262;0.56096343;1;1
999;999;999;0.602941176;0.7619676459999999;0.470990789;1;0
